{
    "classes":26,
    "label2train":[[0, 0], [1, 1], [2, 2], [3, 3], [4, 4], [5, 5], [6, 6], [7, 7], [8, 8], [9, 9], [10, 10],
     [11, 11], [12, 12], [13, 13], [14, 14], [15, 15], [16, 16], [17, 17], [18, 18], [19, 19], [20, 20],
      [21, 21], [22, 22], [23, 23], [24, 24], [25, 25]],
  
  
    "label":["road","drivable fallback","sidewalk","non drivable fallback", "person", "rider",
    "motorcycle","bicycle","autorickshaw", "car", "truck", "bus", "vehicle fallback", "curb",
     "wall", "fence", "guard rail","billboard", "traffic sign", "traffic light", "pole",
      "obs-str-bar-fallback", "building", "bridge", "vegetation","sky"],
  
    "palette": [[128, 64, 128], [250, 170, 160], [81, 0, 81], [244, 35, 232], [230, 150, 140], [152, 251, 152], [220, 20, 60],
  
                              [246, 198, 145], [255, 0, 0], [0, 0, 230], [119, 11, 32], [255, 204, 54], [0, 0, 142], [0, 0, 70], [0, 60, 100],
  
                              [0, 0, 90], [0, 0, 110], [0, 80, 100], [136, 143, 153], [220, 190, 40], [102, 102, 156], [190, 153, 153], [180, 165, 180],
  
                              [174, 64, 67], [220, 220, 0], [250, 170, 30]],
    "mean":[
      73.158359210711552,
      82.908917542625858,
      72.392398761941593],
    "std":[
      47.675755341814678,
      48.494214368814916,
      47.736546325441594]
  }
  
  